filename,width,height,class,xmin,ymin,xmax,ymax
gesh_452367_308098_20.jpg,256,256,square_solid,1,1,37,22
gesh_452367_308098_20.jpg,256,256,square_solid,67,193,118,237
gesh_452368_308093_20.jpg,256,256,square_solid,158,61,213,112
gesh_452368_308097_20.jpg,256,256,square_solid,213,97,256,141
gesh_452368_308098_20.jpg,256,256,square_solid,116,160,162,202
gesh_452369_308094_20.jpg,256,256,square_solid,63,138,119,187
gesh_452369_308096_20.jpg,256,256,square_solid,46,31,98,80
gesh_452369_308096_20.jpg,256,256,square_solid,143,214,191,256
gesh_452370_308094_20.jpg,256,256,square_solid,55,108,105,152
gesh_452370_308095_20.jpg,256,256,square_solid,146,17,196,61
gesh_452370_308095_20.jpg,256,256,square_solid,1,170,30,214
gesh_452370_308095_20.jpg,256,256,square_solid,237,203,256,245
gesh_452370_308096_20.jpg,256,256,square_solid,15,73,74,123
gesh_452371_308095_20.jpg,256,256,square_solid,1,200,29,243
gesh_452371_308095_20.jpg,256,256,square_solid,209,206,256,248
gesh_452371_308096_20.jpg,256,256,square_solid,24,65,76,111
gesh_452371_308098_20.jpg,256,256,square_solid,117,205,166,249
gesh_452372_308095_20.jpg,256,256,square_solid,185,20,242,71
gesh_452378_308076_20.jpg,256,256,square_solid,169,8,216,50
gesh_452378_308076_20.jpg,256,256,square_solid,49,155,101,202
gesh_452379_308075_20.jpg,256,256,square_solid,81,39,130,82
gesh_452379_308075_20.jpg,256,256,square_solid,1,205,21,249
gesh_452379_308076_20.jpg,256,256,square_solid,192,149,241,194
gesh_452379_308077_20.jpg,256,256,square_solid,12,102,62,147
gesh_452379_308078_20.jpg,256,256,square_solid,232,40,256,85
gesh_452379_308078_20.jpg,256,256,square_solid,127,202,179,248
gesh_452380_308073_20.jpg,256,256,square_solid,1,29,45,76
gesh_452380_308074_20.jpg,256,256,square_solid,99,113,142,155
gesh_452380_308076_20.jpg,256,256,square_solid,38,1,88,27
gesh_452380_308077_20.jpg,256,256,square_solid,145,108,204,159
gesh_452380_308077_20.jpg,256,256,square_solid,42,235,90,256
gesh_452380_308079_20.jpg,256,256,square_solid,199,1,255,24
gesh_452380_308079_20.jpg,256,256,square_solid,96,145,148,193
gesh_452381_308073_20.jpg,256,256,square_solid,106,9,163,59
gesh_452381_308073_20.jpg,256,256,square_solid,16,168,64,213
gesh_452381_308075_20.jpg,256,256,square_solid,63,57,113,100
gesh_452381_308078_20.jpg,256,256,square_solid,120,47,172,93
gesh_452381_308078_20.jpg,256,256,square_solid,1,193,41,243
gesh_452381_308079_20.jpg,256,256,square_solid,212,103,256,154
gesh_452381_308080_20.jpg,256,256,square_solid,36,76,94,125
gesh_452382_308073_20.jpg,256,256,square_solid,194,1,244,33
gesh_452382_308074_20.jpg,256,256,square_solid,1,97,35,142
gesh_452382_308075_20.jpg,256,256,square_solid,206,33,254,77
gesh_452382_308075_20.jpg,256,256,square_solid,81,198,129,241
gesh_452382_308077_20.jpg,256,256,square_solid,107,52,160,100
gesh_452382_308077_20.jpg,256,256,square_solid,7,225,60,256
gesh_452383_308072_20.jpg,256,256,square_solid,91,60,137,102
gesh_452383_308073_20.jpg,256,256,square_solid,187,146,237,192
gesh_452383_308074_20.jpg,256,256,square_solid,78,83,132,130
gesh_452383_308075_20.jpg,256,256,square_solid,174,183,229,231
gesh_452383_308078_20.jpg,256,256,square_solid,81,16,133,63
gesh_452383_308078_20.jpg,256,256,square_solid,1,193,32,236
gesh_452383_308079_20.jpg,256,256,square_solid,165,82,225,134
gesh_452384_308074_20.jpg,256,256,square_solid,170,93,225,141
gesh_452384_308074_20.jpg,256,256,square_solid,50,238,96,256
gesh_452384_308075_20.jpg,256,256,square_solid,39,35,93,80
gesh_452384_308076_20.jpg,256,256,square_solid,139,146,189,190
gesh_452385_308070_20.jpg,256,256,square_solid,162,26,220,76
gesh_452385_308072_20.jpg,256,256,square_solid,178,1,232,31
gesh_452385_308072_20.jpg,256,256,square_solid,72,179,122,222
gesh_452385_308075_20.jpg,256,256,square_solid,131,45,182,87
gesh_452385_308075_20.jpg,256,256,square_solid,26,192,80,240
gesh_452385_308077_20.jpg,256,256,square_solid,62,76,117,123
gesh_452385_308078_20.jpg,256,256,square_solid,189,169,243,217
gesh_452386_308071_20.jpg,256,256,square_solid,27,94,79,139
gesh_452386_308072_20.jpg,256,256,square_solid,154,182,203,227
gesh_452386_308073_20.jpg,256,256,square_solid,26,115,78,160
gesh_452386_308073_20.jpg,256,256,square_solid,171,1,225,27
gesh_452386_308078_20.jpg,256,256,square_solid,17,18,76,69
gesh_452387_308072_20.jpg,256,256,square_solid,4,40,49,81
gesh_452387_308073_20.jpg,256,256,square_solid,114,123,161,165
gesh_452387_308074_20.jpg,256,256,square_solid,1,63,34,113
gesh_452387_308075_20.jpg,256,256,square_solid,202,14,256,62
gesh_452387_308075_20.jpg,256,256,square_solid,131,178,188,227
gesh_452387_308078_20.jpg,256,256,square_solid,34,174,93,225
gesh_452388_308074_20.jpg,256,256,square_solid,27,35,82,78
gesh_452388_308075_20.jpg,256,256,square_solid,187,168,246,220
gesh_452388_308076_20.jpg,256,256,square_solid,66,88,126,143
gesh_452388_308077_20.jpg,256,256,square_solid,174,194,231,248
gesh_452389_308075_20.jpg,256,256,square_solid,54,1,114,53
gesh_452389_308076_20.jpg,256,256,square_solid,146,107,205,158
gesh_452439_308085_20.jpg,256,256,square_bigger,114,73,225,170
gesh_452440_308082_20.jpg,256,256,square_solid,97,198,152,243
gesh_452440_308083_20.jpg,256,256,square_solid,1,36,36,88
gesh_452440_308084_20.jpg,256,256,square_solid,127,68,183,119
gesh_452440_308087_20.jpg,256,256,square_solid,155,208,215,256
gesh_452441_308086_20.jpg,256,256,square_solid,136,143,189,192
gesh_452441_308086_20.jpg,256,256,square_solid,125,177,178,222
gesh_452442_308079_20.jpg,256,256,square_solid,39,25,89,69
gesh_452442_308079_20.jpg,256,256,square_solid,51,60,109,110
gesh_452443_308078_20.jpg,256,256,square_solid,70,6,117,48
gesh_452443_308079_20.jpg,256,256,square_cover,209,13,256,57
gesh_452443_308079_20.jpg,256,256,square_cover,195,1,250,23
gesh_452443_308079_20.jpg,256,256,square_cover,60,224,110,256
gesh_452444_308078_20.jpg,256,256,square_cover,106,99,164,151
gesh_452444_308078_20.jpg,256,256,square_cover,139,124,199,178
gesh_452444_308079_20.jpg,256,256,square_cover,232,136,256,175
gesh_452444_308081_20.jpg,256,256,square_solid,195,33,249,79
gesh_452444_308081_20.jpg,256,256,square_solid,212,62,256,113
gesh_452444_308081_20.jpg,256,256,square_solid,67,191,122,241
gesh_452445_308077_20.jpg,256,256,square_cover,124,13,188,65
gesh_452445_308077_20.jpg,256,256,square_cover,157,40,220,93
gesh_452445_308079_20.jpg,256,256,square_cover,1,130,37,186
gesh_452445_308079_20.jpg,256,256,square_cover,14,156,74,210
gesh_452445_308080_20.jpg,256,256,square_cover,102,160,165,211
gesh_452445_308080_20.jpg,256,256,square_cover,136,183,196,237
gesh_452445_308082_20.jpg,256,256,square_solid,46,75,96,115
gesh_452445_308082_20.jpg,256,256,square_solid,49,106,98,152
gesh_452446_308077_20.jpg,256,256,square_solid,154,197,211,247
gesh_452446_308077_20.jpg,256,256,square_solid,193,210,247,256
gesh_452446_308078_20.jpg,256,256,square_solid,20,31,74,79
gesh_452446_308078_20.jpg,256,256,square_solid,61,43,114,91
gesh_452446_308079_20.jpg,256,256,square_solid,142,58,198,107
gesh_452446_308079_20.jpg,256,256,square_solid,188,67,240,117
gesh_452446_308081_20.jpg,256,256,square_solid,38,18,91,63
gesh_452446_308081_20.jpg,256,256,square_cover,50,1,101,26
gesh_452446_308081_20.jpg,256,256,square_cover,1,165,36,217
gesh_452446_308081_20.jpg,256,256,square_cover,25,181,77,231
gesh_452446_308082_20.jpg,256,256,square_solid,225,38,256,78
gesh_452446_308082_20.jpg,256,256,square_solid,229,71,256,113
gesh_452446_308083_20.jpg,256,256,square_solid,1,91,42,143
gesh_452447_308077_20.jpg,256,256,square_solid,1,1,38,47
gesh_452447_308077_20.jpg,256,256,square_solid,1,32,46,77
gesh_452447_308078_20.jpg,256,256,square_solid,113,3,168,50
gesh_452447_308078_20.jpg,256,256,square_solid,135,33,186,81
gesh_452447_308080_20.jpg,256,256,square_solid,20,63,67,105
gesh_452447_308080_20.jpg,256,256,square_solid,55,56,108,103
gesh_452447_308081_20.jpg,256,256,square_solid,123,131,183,185
gesh_452447_308081_20.jpg,256,256,square_solid,159,153,220,206
gesh_452447_308082_20.jpg,256,256,square_solid,1,37,15,76
gesh_452447_308082_20.jpg,256,256,square_solid,1,71,20,117
gesh_452448_308079_20.jpg,256,256,square_solid,20,1,77,38
gesh_452448_308079_20.jpg,256,256,square_solid,48,13,107,63
gesh_452448_308080_20.jpg,256,256,square_solid,81,70,130,113
gesh_452448_308080_20.jpg,256,256,square_solid,74,102,128,152
gesh_452448_308082_20.jpg,256,256,square_solid,20,180,81,232
gesh_452448_308082_20.jpg,256,256,square_solid,52,202,109,252
gesh_452450_308075_20.jpg,256,256,square_solid,95,26,154,74
gesh_452450_308075_20.jpg,256,256,square_solid,115,57,173,107
gesh_452450_308076_20.jpg,256,256,square_solid,219,88,256,136
gesh_452450_308076_20.jpg,256,256,square_solid,217,122,256,167
gesh_452451_308074_20.jpg,256,256,square_solid,60,5,109,48
gesh_452451_308075_20.jpg,256,256,square_solid,230,1,256,41
gesh_452451_308075_20.jpg,256,256,square_solid,234,36,256,77
gesh_452451_308075_20.jpg,256,256,square_solid,60,223,108,256
gesh_452451_308077_20.jpg,256,256,square_solid,91,77,139,117
gesh_452451_308077_20.jpg,256,256,square_solid,99,109,147,153
gesh_452452_308074_20.jpg,256,256,square_solid,208,2,254,42
gesh_452452_308074_20.jpg,256,256,square_solid,206,38,254,79
gesh_452452_308074_20.jpg,256,256,square_solid,64,160,116,203
gesh_452452_308074_20.jpg,256,256,square_solid,70,196,120,239
gesh_452452_308075_20.jpg,256,256,square_solid,1,1,25,44
gesh_452452_308075_20.jpg,256,256,square_solid,1,37,26,78
gesh_452452_308075_20.jpg,256,256,square_solid,210,213,256,255
gesh_452452_308076_20.jpg,256,256,square_solid,86,26,134,67
gesh_452452_308076_20.jpg,256,256,square_solid,90,59,137,101
gesh_452452_308077_20.jpg,256,256,square_solid,210,42,256,84
gesh_452452_308077_20.jpg,256,256,square_solid,220,76,256,116
gesh_452452_308078_20.jpg,256,256,square_solid,1,87,60,141
gesh_452452_308078_20.jpg,256,256,square_solid,28,110,86,161
gesh_452453_308073_20.jpg,256,256,square_solid,59,107,110,154
gesh_452453_308073_20.jpg,256,256,square_solid,50,146,103,193
gesh_452453_308074_20.jpg,256,256,square_solid,214,148,256,196
gesh_452453_308074_20.jpg,256,256,square_solid,209,186,256,233
gesh_452453_308075_20.jpg,256,256,square_solid,88,19,137,62
gesh_452453_308075_20.jpg,256,256,square_solid,89,57,137,101
gesh_452453_308076_20.jpg,256,256,square_solid,214,8,256,54
gesh_452454_308072_20.jpg,256,256,square_solid,92,22,138,65
gesh_452454_308072_20.jpg,256,256,square_solid,98,53,147,97
gesh_452454_308075_20.jpg,256,256,square_solid,195,1,244,17
gesh_452454_308075_20.jpg,256,256,square_solid,204,9,252,51
gesh_452454_308076_20.jpg,256,256,square_solid,180,195,235,242
gesh_452454_308076_20.jpg,256,256,square_solid,193,231,243,256
gesh_452455_308072_20.jpg,256,256,square_solid,153,120,208,163
gesh_452455_308072_20.jpg,256,256,square_solid,164,154,214,196
gesh_452455_308073_20.jpg,256,256,square_solid,1,54,26,95
gesh_452455_308073_20.jpg,256,256,square_solid,1,91,28,136
gesh_452455_308074_20.jpg,256,256,square_solid,97,103,152,148
gesh_452455_308074_20.jpg,256,256,square_solid,109,137,161,185
gesh_452456_308073_20.jpg,256,256,square_solid,31,141,85,184
gesh_452456_308073_20.jpg,256,256,square_solid,44,177,96,220
gesh_452456_308073_20.jpg,256,256,square_solid,55,212,108,254
gesh_452456_308074_20.jpg,256,256,square_solid,166,165,218,209
gesh_452456_308074_20.jpg,256,256,square_solid,176,201,227,244
gesh_452456_308075_20.jpg,256,256,square_solid,1,113,32,167
gesh_452456_308075_20.jpg,256,256,square_solid,1,142,50,193
gesh_452457_308070_20.jpg,256,256,square_solid,82,29,137,72
gesh_452457_308070_20.jpg,256,256,square_solid,100,64,150,111
gesh_452457_308071_20.jpg,256,256,square_solid,1,28,49,76
gesh_452457_308072_20.jpg,256,256,square_solid,63,54,120,101
gesh_452457_308072_20.jpg,256,256,square_solid,78,89,134,138
gesh_452457_308073_20.jpg,256,256,square_solid,185,80,242,126
gesh_452457_308073_20.jpg,256,256,square_solid,208,109,256,159
gesh_452457_308075_20.jpg,256,256,square_solid,41,170,98,216
gesh_452457_308075_20.jpg,256,256,square_solid,57,204,109,250
gesh_452458_308071_20.jpg,256,256,square_solid,1,48,35,97
gesh_452458_308071_20.jpg,256,256,square_solid,1,85,47,128
gesh_452458_308071_20.jpg,256,256,square_solid,13,113,71,162
gesh_452458_308072_20.jpg,256,256,square_solid,96,64,155,116
gesh_452458_308072_20.jpg,256,256,square_solid,114,96,173,149
gesh_452458_308073_20.jpg,256,256,square_solid,225,102,256,155
gesh_452458_308074_20.jpg,256,256,square_solid,60,98,117,150
gesh_452458_308074_20.jpg,256,256,square_solid,85,126,144,178
gesh_452459_308073_20.jpg,256,256,square_solid,1,100,30,150
gesh_452459_308073_20.jpg,256,256,square_solid,1,138,45,188
gesh_452459_308073_20.jpg,256,256,square_solid,8,174,62,222
gesh_452483_308077_20.jpg,256,256,square_solid,20,19,73,65
gesh_452483_308077_20.jpg,256,256,square_solid,1,28,36,74
gesh_452483_308080_20.jpg,256,256,square_solid,25,216,90,256
gesh_452483_308081_20.jpg,256,256,square_solid,89,1,149,45
gesh_452483_308081_20.jpg,256,256,square_solid,124,1,184,27
gesh_452483_308082_20.jpg,256,256,square_solid,62,1,124,24
gesh_452483_308082_20.jpg,256,256,square_solid,111,223,184,256
gesh_452483_308083_20.jpg,256,256,square_solid,82,193,134,240
gesh_452483_308083_20.jpg,256,256,square_solid,67,229,130,256
gesh_452484_308072_20.jpg,256,256,square_solid,212,109,256,167
gesh_452484_308073_20.jpg,256,256,square_solid,220,98,256,147
gesh_452484_308078_20.jpg,256,256,square_solid,189,114,243,163
gesh_452484_308078_20.jpg,256,256,square_solid,26,126,82,176
gesh_452484_308078_20.jpg,256,256,square_solid,2,150,53,200
gesh_452484_308078_20.jpg,256,256,square_solid,1,173,30,225
gesh_452484_308079_20.jpg,256,256,square_solid,214,107,256,159
gesh_452484_308080_20.jpg,256,256,square_solid,17,134,76,187
gesh_452484_308080_20.jpg,256,256,square_solid,1,162,48,216
gesh_452484_308081_20.jpg,256,256,square_solid,98,162,153,212
gesh_452484_308081_20.jpg,256,256,square_solid,63,180,119,227
gesh_452484_308081_20.jpg,256,256,square_solid,25,195,81,240
gesh_452484_308083_20.jpg,256,256,square_solid,53,112,106,159
gesh_452484_308083_20.jpg,256,256,square_solid,47,148,98,194
gesh_452484_308090_20.jpg,256,256,octagon,66,30,162,115
gesh_452485_308066_20.jpg,256,256,square_solid,99,102,161,155
gesh_452485_308066_20.jpg,256,256,square_solid,129,126,185,176
gesh_452485_308066_20.jpg,256,256,square_solid,151,153,209,203
gesh_452485_308067_20.jpg,256,256,square_solid,1,157,54,206
gesh_452485_308070_20.jpg,256,256,square_solid,6,149,65,200
gesh_452485_308070_20.jpg,256,256,square_solid,39,170,94,218
gesh_452485_308072_20.jpg,256,256,square_solid,1,93,51,143
gesh_452485_308073_20.jpg,256,256,square_solid,2,84,51,134
gesh_452485_308074_20.jpg,256,256,square_solid,219,21,256,75
gesh_452485_308075_20.jpg,256,256,square_solid,189,1,244,47
gesh_452485_308078_20.jpg,256,256,square_solid,202,54,256,103
gesh_452485_308079_20.jpg,256,256,square_solid,11,56,63,108
gesh_452485_308079_20.jpg,256,256,square_solid,1,81,41,135
gesh_452485_308080_20.jpg,256,256,square_solid,38,93,91,140
gesh_452485_308080_20.jpg,256,256,square_solid,1,104,50,157
gesh_452485_308083_20.jpg,256,256,square_solid,80,69,139,122
gesh_452485_308083_20.jpg,256,256,square_solid,58,99,114,150
gesh_452486_308067_20.jpg,256,256,square_solid,122,181,176,227
gesh_452486_308067_20.jpg,256,256,square_solid,165,190,212,233
gesh_452486_308070_20.jpg,256,256,square_solid,88,108,141,157
gesh_452486_308070_20.jpg,256,256,square_solid,131,115,179,162
gesh_452486_308076_20.jpg,256,256,square_solid,164,206,216,251
gesh_452486_308076_20.jpg,256,256,square_solid,201,195,253,240
gesh_452486_308076_20.jpg,256,256,square_solid,236,187,256,229
gesh_452486_308076_20.jpg,256,256,square_solid,3,1,59,22
gesh_452486_308076_20.jpg,256,256,square_solid,1,1,25,38
gesh_452486_308086_20.jpg,256,256,square_solid,90,208,150,256
gesh_452487_308071_20.jpg,256,256,square_solid,29,185,89,235
gesh_452487_308071_20.jpg,256,256,square_solid,1,203,51,252
gesh_452487_308076_20.jpg,256,256,square_solid,1,181,36,231
gesh_452487_308081_20.jpg,256,256,square_solid,7,2,56,43
gesh_452487_308081_20.jpg,256,256,square_solid,47,1,94,34
gesh_452487_308081_20.jpg,256,256,square_solid,191,145,247,194
gesh_452487_308081_20.jpg,256,256,square_solid,230,129,256,179
gesh_452488_308067_20.jpg,256,256,square_solid,101,20,154,66
gesh_452488_308067_20.jpg,256,256,square_solid,135,34,189,85
gesh_452488_308073_20.jpg,256,256,square_solid,190,66,245,120
gesh_452488_308073_20.jpg,256,256,square_solid,151,82,206,132
gesh_452488_308077_20.jpg,256,256,square_solid,149,34,206,86
gesh_452488_308080_20.jpg,256,256,square_solid,154,102,212,157
gesh_452488_308081_20.jpg,256,256,square_solid,8,113,62,162
gesh_452488_308081_20.jpg,256,256,square_solid,1,126,27,178
gesh_452489_308064_20.jpg,256,256,square_solid,172,3,207,33
gesh_452489_308064_20.jpg,256,256,square_solid,150,11,184,40
gesh_452489_308064_20.jpg,256,256,square_solid,126,18,161,48
gesh_452489_308064_20.jpg,256,256,square_solid,167,29,203,55
gesh_452489_308064_20.jpg,256,256,square_solid,186,42,222,75
gesh_452489_308064_20.jpg,256,256,square_solid,166,49,199,78
gesh_452489_308064_20.jpg,256,256,square_solid,142,55,174,83
gesh_452489_308067_20.jpg,256,256,square_solid,100,7,150,45
gesh_452489_308067_20.jpg,256,256,square_solid,135,32,169,62
gesh_452489_308067_20.jpg,256,256,square_solid,110,36,144,69
gesh_452489_308069_20.jpg,256,256,square_solid,104,16,164,64
gesh_452489_308069_20.jpg,256,256,square_solid,125,47,185,96
gesh_452489_308069_20.jpg,256,256,square_solid,152,76,210,126
gesh_452489_308070_20.jpg,256,256,square_solid,2,1,53,51
gesh_452489_308074_20.jpg,256,256,square_solid,123,1,186,39
gesh_452489_308075_20.jpg,256,256,square_solid,131,27,167,57
gesh_452489_308075_20.jpg,256,256,square_solid,158,216,212,256
gesh_452489_308078_20.jpg,256,256,square_solid,177,133,230,186
gesh_452489_308078_20.jpg,256,256,square_solid,154,165,205,212
gesh_452489_308078_20.jpg,256,256,square_cover,126,194,181,242
gesh_452489_308083_20.jpg,256,256,square_solid,198,17,251,65
gesh_452489_308083_20.jpg,256,256,square_solid,3,55,58,107
gesh_452489_308083_20.jpg,256,256,square_solid,1,76,27,129
gesh_452490_308067_20.jpg,256,256,square_solid,48,81,103,132
gesh_452490_308067_20.jpg,256,256,square_solid,201,175,251,221
gesh_452490_308068_20.jpg,256,256,square_solid,39,119,89,163
gesh_452490_308071_20.jpg,256,256,square_solid,39,58,91,103
gesh_452490_308071_20.jpg,256,256,square_solid,2,73,53,120
gesh_452490_308192_20.jpg,256,256,square_solid,149,147,205,197
gesh_452490_308192_20.jpg,256,256,square_solid,119,173,174,221
gesh_452491_308065_20.jpg,256,256,square_solid,115,90,151,121
gesh_452491_308065_20.jpg,256,256,square_solid,102,108,140,138
gesh_452491_308065_20.jpg,256,256,square_solid,95,127,132,159
gesh_452491_308190_20.jpg,256,256,square_solid,132,167,188,221
gesh_452491_308191_20.jpg,256,256,square_solid,28,26,84,78
gesh_452491_308191_20.jpg,256,256,square_solid,2,53,55,101
gesh_452491_308191_20.jpg,256,256,square_solid,164,170,220,222
gesh_452491_308192_20.jpg,256,256,square_solid,11,44,68,89
gesh_452491_308192_20.jpg,256,256,square_solid,170,173,228,226
gesh_452491_308193_20.jpg,256,256,square_solid,86,101,144,153
gesh_452492_308081_20.jpg,256,256,square_solid,81,8,138,58
gesh_452492_308081_20.jpg,256,256,square_solid,61,37,115,84
gesh_452492_308081_20.jpg,256,256,square_solid,42,67,93,114
gesh_452492_308190_20.jpg,256,256,square_solid,50,28,106,79
gesh_452492_308190_20.jpg,256,256,square_solid,18,53,77,105
gesh_452492_308190_20.jpg,256,256,square_solid,179,170,235,226
gesh_452492_308191_20.jpg,256,256,square_solid,49,55,104,106
gesh_452492_308191_20.jpg,256,256,square_solid,186,176,245,233
gesh_452492_308192_20.jpg,256,256,square_solid,54,37,110,87
gesh_452492_308192_20.jpg,256,256,square_solid,27,62,85,116
gesh_452492_308192_20.jpg,256,256,square_solid,209,172,256,228
gesh_452492_308192_20.jpg,256,256,square_solid,176,197,234,248
gesh_452492_308193_20.jpg,256,256,square_solid,45,42,98,91
gesh_452492_308193_20.jpg,256,256,square_solid,192,186,247,237
gesh_452492_308194_20.jpg,256,256,square_solid,188,166,244,219
gesh_452492_308194_20.jpg,256,256,square_solid,155,193,216,244
gesh_452493_308066_20.jpg,256,256,square_solid,17,3,55,34
gesh_452493_308066_20.jpg,256,256,square_solid,1,17,32,50
gesh_452493_308067_20.jpg,256,256,square_solid,196,120,252,171
gesh_452493_308067_20.jpg,256,256,square_solid,228,95,256,145
gesh_452493_308068_20.jpg,256,256,square_solid,143,197,182,228
gesh_452493_308068_20.jpg,256,256,square_solid,169,187,205,219
gesh_452493_308068_20.jpg,256,256,square_solid,194,179,226,211
gesh_452493_308068_20.jpg,256,256,square_solid,215,172,250,203
gesh_452493_308069_20.jpg,256,256,square_solid,203,115,255,168
gesh_452493_308073_20.jpg,256,256,square_solid,4,95,61,147
gesh_452493_308073_20.jpg,256,256,square_solid,189,136,239,179
gesh_452493_308073_20.jpg,256,256,square_solid,232,139,256,183
gesh_452493_308077_20.jpg,256,256,square_solid,9,196,57,242
gesh_452493_308078_20.jpg,256,256,square_solid,30,115,80,162
gesh_452493_308078_20.jpg,256,256,square_solid,19,150,74,195
gesh_452493_308078_20.jpg,256,256,square_solid,8,184,60,230
gesh_452493_308189_20.jpg,256,256,square_solid,75,26,135,80
gesh_452493_308189_20.jpg,256,256,square_solid,49,51,104,98
gesh_452493_308190_20.jpg,256,256,square_solid,81,33,139,89
gesh_452493_308190_20.jpg,256,256,square_solid,49,60,109,111
gesh_452493_308190_20.jpg,256,256,square_solid,219,178,256,238
gesh_452493_308191_20.jpg,256,256,square_solid,84,43,139,94
gesh_452493_308191_20.jpg,256,256,square_solid,54,67,112,118
gesh_452493_308191_20.jpg,256,256,square_solid,224,188,256,240
gesh_452493_308192_20.jpg,256,256,square_solid,79,52,135,103
gesh_452493_308192_20.jpg,256,256,square_solid,49,79,110,126
gesh_452493_308192_20.jpg,256,256,square_solid,223,178,256,232
gesh_452493_308192_20.jpg,256,256,square_solid,195,203,252,252
gesh_452493_308193_20.jpg,256,256,square_solid,84,42,139,95
gesh_452493_308193_20.jpg,256,256,square_solid,54,71,113,120
gesh_452493_308193_20.jpg,256,256,square_solid,203,202,256,253
gesh_452494_308065_20.jpg,256,256,square_solid,172,12,210,46
gesh_452494_308065_20.jpg,256,256,square_solid,151,23,186,56
gesh_452494_308065_20.jpg,256,256,square_solid,130,35,169,68
gesh_452494_308065_20.jpg,256,256,square_solid,109,45,146,79
gesh_452494_308065_20.jpg,256,256,square_solid,104,2,141,31
gesh_452494_308065_20.jpg,256,256,square_solid,82,12,121,45
gesh_452494_308066_20.jpg,256,256,square_solid,18,24,74,73
gesh_452494_308066_20.jpg,256,256,square_solid,57,37,112,86
gesh_452494_308066_20.jpg,256,256,square_solid,38,66,93,116
gesh_452494_308066_20.jpg,256,256,square_solid,2,54,49,102
gesh_452494_308067_20.jpg,256,256,square_solid,1,71,56,121
gesh_452494_308067_20.jpg,256,256,square_solid,1,96,28,148
gesh_452494_308072_20.jpg,256,256,square_solid,209,67,246,101
gesh_452494_308072_20.jpg,256,256,square_solid,187,75,222,108
gesh_452494_308072_20.jpg,256,256,square_solid,161,82,198,117
gesh_452494_308078_20.jpg,256,256,square_solid,1,67,41,115
gesh_452494_308078_20.jpg,256,256,square_solid,1,105,37,152
gesh_452494_308079_20.jpg,256,256,square_solid,33,93,86,138
gesh_452494_308079_20.jpg,256,256,square_solid,25,130,80,176
gesh_452494_308190_20.jpg,256,256,square_bigger,81,38,195,134
gesh_452494_308191_20.jpg,256,256,square_solid,111,53,168,102
gesh_452494_308191_20.jpg,256,256,square_solid,83,78,138,124
gesh_452494_308191_20.jpg,256,256,square_solid,1,185,35,240
gesh_452494_308192_20.jpg,256,256,square_solid,120,54,174,104
gesh_452494_308192_20.jpg,256,256,square_solid,89,79,144,128
gesh_452494_308192_20.jpg,256,256,square_solid,1,180,27,230
gesh_452494_308192_20.jpg,256,256,square_solid,232,221,256,256
gesh_452495_308064_20.jpg,256,256,square_solid,21,69,58,101
gesh_452495_308064_20.jpg,256,256,square_solid,2,80,38,113
gesh_452495_308064_20.jpg,256,256,square_solid,189,24,228,58
gesh_452495_308064_20.jpg,256,256,square_solid,210,11,247,41
gesh_452495_308064_20.jpg,256,256,square_solid,210,55,241,84
gesh_452495_308064_20.jpg,256,256,square_solid,227,44,256,73
gesh_452495_308064_20.jpg,256,256,square_solid,232,1,256,33
gesh_452495_308069_20.jpg,256,256,square_solid,144,10,192,53
gesh_452495_308071_20.jpg,256,256,square_solid,21,1,80,49
gesh_452495_308073_20.jpg,256,256,square_solid,174,178,208,208
gesh_452495_308073_20.jpg,256,256,square_solid,147,181,180,214
gesh_452495_308076_20.jpg,256,256,square_solid,41,77,99,130
gesh_452495_308076_20.jpg,256,256,square_solid,8,100,69,153
gesh_452495_308079_20.jpg,256,256,square_solid,94,51,151,100
gesh_452495_308079_20.jpg,256,256,square_solid,67,71,122,120
gesh_452495_308079_20.jpg,256,256,square_solid,32,94,90,145
gesh_452495_308081_20.jpg,256,256,square_solid,221,114,256,168
gesh_452495_308081_20.jpg,256,256,square_solid,1,159,36,207
gesh_452495_308081_20.jpg,256,256,square_solid,1,195,29,244
gesh_452495_308082_20.jpg,256,256,square_solid,57,67,117,121
gesh_452495_308082_20.jpg,256,256,square_solid,30,96,92,146
gesh_452495_308082_20.jpg,256,256,square_solid,2,122,64,175
gesh_452495_308191_20.jpg,256,256,square_solid,155,56,211,108
gesh_452495_308191_20.jpg,256,256,square_solid,124,79,182,129
gesh_452495_308191_20.jpg,256,256,square_solid,1,192,56,242
gesh_452496_308066_20.jpg,256,256,square_solid,97,41,138,80
gesh_452496_308066_20.jpg,256,256,square_solid,83,65,126,106
gesh_452496_308066_20.jpg,256,256,square_solid,56,90,111,141
gesh_452496_308066_20.jpg,256,256,square_solid,96,110,132,145
gesh_452496_308066_20.jpg,256,256,square_solid,131,51,161,80
gesh_452496_308067_20.jpg,256,256,square_solid,16,151,73,204
gesh_452496_308067_20.jpg,256,256,square_solid,1,175,45,225
gesh_452496_308068_20.jpg,256,256,square_solid,132,27,193,81
gesh_452496_308068_20.jpg,256,256,square_solid,101,47,161,99
gesh_452496_308081_20.jpg,256,256,square_solid,188,14,247,67
gesh_452496_308081_20.jpg,256,256,square_solid,23,59,84,114
gesh_452496_308081_20.jpg,256,256,square_solid,1,88,55,142
gesh_452498_308069_20.jpg,256,256,square_solid,73,48,132,97
gesh_452498_308070_20.jpg,256,256,square_solid,89,96,126,127
gesh_452498_308070_20.jpg,256,256,square_solid,97,116,130,146
gesh_452498_308071_20.jpg,256,256,square_solid,9,158,57,198
gesh_452498_308072_20.jpg,256,256,square_solid,48,166,101,215
gesh_452498_308074_20.jpg,256,256,square_solid,147,11,199,59
gesh_452510_308162_20.jpg,256,256,square_solid,28,137,83,187
gesh_452510_308165_20.jpg,256,256,square_solid,111,160,139,185
gesh_452510_308165_20.jpg,256,256,square_solid,127,168,156,193
gesh_452511_308162_20.jpg,256,256,square_solid,109,54,162,100
gesh_452511_308162_20.jpg,256,256,square_solid,150,64,201,111
gesh_452511_308162_20.jpg,256,256,square_solid,90,177,142,222
gesh_452511_308162_20.jpg,256,256,square_solid,226,215,256,256
gesh_452511_308162_20.jpg,256,256,square_divide,182,1,235,40
gesh_452511_308163_20.jpg,256,256,square_solid,186,198,239,243
gesh_452511_308163_20.jpg,256,256,square_divide,17,88,73,134
gesh_452511_308163_20.jpg,256,256,square_divide,49,108,106,154
gesh_452511_308163_20.jpg,256,256,square_divide,1,200,41,242
gesh_452511_308163_20.jpg,256,256,square_divide,12,238,56,256
gesh_452511_308164_20.jpg,256,256,square_divide,111,118,165,166
gesh_452511_308164_20.jpg,256,256,square_divide,154,144,201,190
gesh_452511_308164_20.jpg,256,256,square_divide,44,212,91,253
gesh_452512_308162_20.jpg,256,256,square_solid,196,32,249,78
gesh_452512_308162_20.jpg,256,256,square_solid,150,143,205,190
gesh_452512_308162_20.jpg,256,256,square_solid,60,1,114,27
gesh_452512_308162_20.jpg,256,256,square_solid,1,98,40,141
gesh_452512_308162_20.jpg,256,256,square_solid,29,107,80,154
gesh_452512_308162_20.jpg,256,256,square_solid,1,217,26,256
gesh_452512_308162_20.jpg,256,256,square_divide,19,69,70,113
gesh_452512_308163_20.jpg,256,256,square_solid,225,162,256,208
gesh_452512_308163_20.jpg,256,256,square_solid,153,14,208,63
gesh_452512_308163_20.jpg,256,256,square_solid,107,129,161,176
gesh_452512_308163_20.jpg,256,256,square_solid,36,1,94,32
gesh_452512_308163_20.jpg,256,256,square_solid,1,1,52,19
gesh_452512_308163_20.jpg,256,256,square_solid,64,238,119,256
gesh_452512_308164_20.jpg,256,256,square_solid,115,16,170,63
gesh_452512_308164_20.jpg,256,256,square_solid,203,154,256,204
gesh_452512_308164_20.jpg,256,256,square_solid,4,228,56,256
gesh_452512_308164_20.jpg,256,256,square_solid,44,240,90,256
gesh_452513_308161_20.jpg,256,256,square_solid,127,89,179,140
gesh_452513_308161_20.jpg,256,256,square_solid,1,43,42,89
gesh_452513_308161_20.jpg,256,256,square_solid,171,1,220,18
gesh_452513_308162_20.jpg,256,256,square_solid,211,107,256,155
gesh_452513_308162_20.jpg,256,256,square_solid,175,226,225,256
gesh_452513_308162_20.jpg,256,256,square_solid,31,183,85,230
gesh_452513_308162_20.jpg,256,256,square_solid,64,60,116,109
gesh_452513_308162_20.jpg,256,256,square_solid,103,71,152,118
gesh_452513_308163_20.jpg,256,256,square_solid,224,1,256,22
gesh_452513_308163_20.jpg,256,256,square_solid,177,91,231,142
gesh_452513_308163_20.jpg,256,256,square_solid,17,51,71,99
gesh_452513_308163_20.jpg,256,256,square_solid,54,65,108,111
gesh_452513_308163_20.jpg,256,256,square_solid,1,167,23,212
gesh_452513_308163_20.jpg,256,256,square_solid,11,173,62,224
gesh_452513_308163_20.jpg,256,256,square_solid,125,211,182,256
gesh_452513_308164_20.jpg,256,256,square_solid,113,73,167,120
gesh_452513_308164_20.jpg,256,256,square_solid,154,83,204,130
gesh_452513_308164_20.jpg,256,256,square_solid,69,189,124,236
gesh_452513_308164_20.jpg,256,256,square_solid,109,199,160,245
gesh_452513_308165_20.jpg,256,256,square_solid,223,103,256,154
gesh_452513_308165_20.jpg,256,256,square_solid,176,211,231,256
gesh_452514_308161_20.jpg,256,256,square_solid,27,8,85,56
gesh_452514_308161_20.jpg,256,256,square_solid,61,22,118,70
gesh_452514_308162_20.jpg,256,256,square_solid,14,1,65,38
gesh_452514_308162_20.jpg,256,256,square_solid,75,142,131,193
gesh_452514_308162_20.jpg,256,256,square_solid,117,153,170,204
gesh_452514_308163_20.jpg,256,256,square_solid,190,177,240,225
gesh_452514_308163_20.jpg,256,256,square_solid,215,54,256,103
gesh_452514_308163_20.jpg,256,256,square_solid,73,137,124,187
gesh_452514_308163_20.jpg,256,256,square_solid,36,127,90,178
gesh_452514_308163_20.jpg,256,256,square_solid,81,10,131,56
gesh_452514_308163_20.jpg,256,256,square_solid,114,19,166,65
gesh_452514_308164_20.jpg,256,256,square_solid,40,1,94,35
gesh_452514_308164_20.jpg,256,256,square_solid,81,3,135,49
gesh_452514_308164_20.jpg,256,256,square_solid,176,28,232,80
gesh_452514_308164_20.jpg,256,256,square_solid,215,40,256,92
gesh_452514_308164_20.jpg,256,256,square_solid,151,157,204,207
gesh_452514_308164_20.jpg,256,256,square_solid,1,107,50,158
gesh_452514_308164_20.jpg,256,256,square_solid,35,119,86,170
gesh_452514_308165_20.jpg,256,256,square_solid,135,23,187,71
gesh_452514_308165_20.jpg,256,256,square_solid,174,33,227,80
gesh_452514_308165_20.jpg,256,256,square_solid,1,102,27,155
gesh_452514_308165_20.jpg,256,256,square_solid,91,138,142,185
gesh_452514_308165_20.jpg,256,256,square_solid,131,147,185,198
gesh_452514_308165_20.jpg,256,256,square_solid,219,168,256,220
gesh_452514_308166_20.jpg,256,256,square_solid,107,22,162,73
gesh_452514_308166_20.jpg,256,256,square_solid,38,130,98,179
gesh_452514_308166_20.jpg,256,256,square_solid,77,141,132,188
gesh_452514_308166_20.jpg,256,256,square_solid,219,37,256,89
gesh_452514_308166_20.jpg,256,256,square_solid,177,151,232,202
gesh_452514_308166_20.jpg,256,256,square_solid,219,164,256,214
gesh_452515_308163_20.jpg,256,256,square_solid,1,65,50,117
gesh_452515_308164_20.jpg,256,256,square_solid,141,1,196,19
gesh_452515_308164_20.jpg,256,256,square_solid,1,48,16,85
gesh_452515_308164_20.jpg,256,256,square_solid,55,74,113,126
gesh_452515_308164_20.jpg,256,256,square_solid,91,87,149,135
gesh_452515_308164_20.jpg,256,256,square_solid,4,188,60,240
gesh_452515_308164_20.jpg,256,256,square_solid,43,200,98,250
gesh_452515_308165_20.jpg,256,256,square_solid,196,1,253,32
gesh_452515_308165_20.jpg,256,256,square_solid,232,1,256,41
gesh_452515_308165_20.jpg,256,256,square_solid,50,72,105,122
gesh_452515_308165_20.jpg,256,256,square_solid,9,60,65,110
gesh_452515_308165_20.jpg,256,256,square_solid,1,172,24,224
gesh_452515_308165_20.jpg,256,256,square_solid,7,183,59,234
gesh_452515_308165_20.jpg,256,256,square_solid,153,99,210,150
gesh_452515_308165_20.jpg,256,256,square_solid,192,112,244,170
gesh_452515_308165_20.jpg,256,256,square_solid,108,211,162,256
gesh_452515_308165_20.jpg,256,256,square_solid,144,224,199,256
gesh_452515_308166_20.jpg,256,256,square_solid,180,1,226,15
gesh_452515_308166_20.jpg,256,256,square_solid,3,46,59,96
gesh_452515_308166_20.jpg,256,256,square_solid,148,90,198,137
gesh_452515_308166_20.jpg,256,256,square_solid,55,191,110,238
gesh_452515_308166_20.jpg,256,256,square_solid,95,203,146,248
gesh_452515_308166_20.jpg,256,256,square_solid,204,238,253,255
gesh_452515_308166_20.jpg,256,256,square_solid,1,168,15,214
gesh_452515_308166_20.jpg,256,256,square_solid,1,37,17,87
gesh_452515_308167_20.jpg,256,256,square_solid,19,169,73,218
gesh_452515_308167_20.jpg,256,256,square_solid,58,177,113,225
gesh_452515_308167_20.jpg,256,256,square_solid,177,222,241,256
gesh_452516_308166_20.jpg,256,256,square_solid,60,15,115,64
gesh_452516_308166_20.jpg,256,256,square_solid,8,127,67,181
gesh_452532_308107_20.jpg,256,256,square_solid,202,155,256,214
gesh_452532_308107_20.jpg,256,256,square_solid,176,185,241,246
gesh_452533_308106_20.jpg,256,256,square_solid,137,122,204,179
gesh_452533_308106_20.jpg,256,256,square_solid,97,138,164,195
gesh_452533_308107_20.jpg,256,256,square_solid,1,35,52,94
gesh_452533_308107_20.jpg,256,256,square_solid,1,176,41,241
gesh_452533_308107_20.jpg,256,256,square_solid,9,202,79,256
gesh_452533_308109_20.jpg,256,256,square_solid,136,183,198,238
gesh_452533_308109_20.jpg,256,256,square_solid,94,192,155,248
gesh_452533_308109_20.jpg,256,256,square_solid,53,203,115,255
gesh_452537_308110_20.jpg,256,256,square_solid,163,156,228,213
gesh_452537_308110_20.jpg,256,256,square_solid,184,187,250,245
gesh_452537_308111_20.jpg,256,256,square_solid,94,156,158,210
gesh_452537_308111_20.jpg,256,256,square_solid,108,190,176,246
gesh_452537_308112_20.jpg,256,256,square_solid,71,1,132,27
gesh_452537_308112_20.jpg,256,256,square_solid,109,110,165,165
gesh_452537_308112_20.jpg,256,256,square_solid,100,148,159,201
gesh_452537_308113_20.jpg,256,256,square_solid,8,31,71,87
gesh_452537_308113_20.jpg,256,256,square_solid,112,221,170,256
gesh_452537_308113_20.jpg,256,256,square_solid,71,232,128,256
gesh_452538_308107_20.jpg,256,256,square_solid,141,146,195,197
gesh_452538_308107_20.jpg,256,256,square_solid,120,173,173,222
gesh_452538_308107_20.jpg,256,256,square_solid,102,203,152,250
gesh_452538_308109_20.jpg,256,256,square_solid,26,197,92,255
gesh_452540_308107_20.jpg,256,256,square_solid,177,50,245,113
gesh_452540_308107_20.jpg,256,256,square_solid,211,72,256,132
gesh_452540_308108_20.jpg,256,256,square_solid,176,1,241,48
gesh_452540_308108_20.jpg,256,256,square_solid,209,12,256,76
gesh_452541_308107_20.jpg,256,256,square_solid,1,80,25,134
gesh_452541_308107_20.jpg,256,256,square_solid,1,93,53,156
gesh_452541_308107_20.jpg,256,256,square_solid,29,111,97,174
gesh_452541_308108_20.jpg,256,256,square_solid,1,25,17,69
gesh_452541_308108_20.jpg,256,256,square_solid,1,39,55,98
gesh_452541_308108_20.jpg,256,256,square_solid,24,62,93,124
gesh_452541_308110_20.jpg,256,256,square_solid,66,1,132,56
gesh_452541_308111_20.jpg,256,256,square_solid,55,1,110,18
gesh_452541_308112_20.jpg,256,256,square_solid,89,50,154,107
gesh_452541_308112_20.jpg,256,256,square_solid,47,217,110,256
gesh_452541_308113_20.jpg,256,256,square_solid,50,130,118,192
gesh_452541_308114_20.jpg,256,256,square_solid,92,192,155,244
gesh_452542_308117_20.jpg,256,256,square_solid,137,151,206,210
gesh_452542_308118_20.jpg,256,256,square_solid,51,53,119,108
gesh_452542_308118_20.jpg,256,256,square_solid,61,90,124,145
gesh_452542_308118_20.jpg,256,256,square_solid,70,127,135,181
gesh_452543_308109_20.jpg,256,256,square_solid,30,54,87,101
gesh_452543_308109_20.jpg,256,256,square_solid,81,55,134,104
gesh_452543_308111_20.jpg,256,256,square_solid,132,178,194,231
gesh_452543_308111_20.jpg,256,256,square_solid,140,217,202,256
gesh_452543_308113_20.jpg,256,256,square_solid,93,1,158,40
gesh_452543_308114_20.jpg,256,256,square_solid,72,109,143,175
gesh_452543_308116_20.jpg,256,256,square_solid,1,60,32,116
gesh_452543_308116_20.jpg,256,256,square_solid,46,184,115,243
gesh_452544_308108_20.jpg,256,256,square_solid,21,28,88,84
gesh_452544_308108_20.jpg,256,256,square_solid,1,36,42,99
gesh_452544_308118_20.jpg,256,256,square_solid,112,32,184,100
gesh_452544_308120_20.jpg,256,256,square_solid,1,70,48,138
gesh_452544_308120_20.jpg,256,256,square_solid,15,97,85,160
gesh_452545_308112_20.jpg,256,256,square_solid,176,23,246,86
gesh_452545_308114_20.jpg,256,256,square_solid,24,18,95,80
gesh_452545_308114_20.jpg,256,256,square_solid,60,51,117,101
gesh_452545_308114_20.jpg,256,256,square_solid,80,128,139,180
gesh_452545_308115_20.jpg,256,256,square_solid,5,118,75,183
gesh_452545_308116_20.jpg,256,256,square_solid,1,29,55,91
gesh_452545_308116_20.jpg,256,256,square_solid,1,161,49,217
gesh_452546_308118_20.jpg,256,256,square_solid,142,37,195,84
gesh_452546_308118_20.jpg,256,256,square_solid,101,17,161,68
gesh_452546_308118_20.jpg,256,256,square_solid,157,196,221,251
gesh_452546_308118_20.jpg,256,256,square_solid,198,219,256,256
gesh_452546_308119_20.jpg,256,256,square_solid,58,110,117,163
gesh_452546_308119_20.jpg,256,256,square_solid,99,123,156,176
gesh_452547_308114_20.jpg,256,256,square_solid,219,1,256,34
gesh_452547_308114_20.jpg,256,256,square_solid,170,1,232,42
gesh_452547_308114_20.jpg,256,256,square_solid,211,141,256,199
gesh_452547_308115_20.jpg,256,256,square_solid,137,83,194,133
gesh_452547_308115_20.jpg,256,256,square_solid,186,89,238,136
gesh_452547_308116_20.jpg,256,256,square_solid,18,27,83,80
gesh_452547_308116_20.jpg,256,256,square_solid,52,45,117,98
gesh_452547_308116_20.jpg,256,256,square_solid,112,130,172,181
gesh_452547_308116_20.jpg,256,256,square_solid,73,144,140,202
gesh_452547_308117_20.jpg,256,256,square_solid,1,115,25,169
gesh_452547_308117_20.jpg,256,256,square_solid,5,133,66,188
gesh_452548_308110_20.jpg,256,256,square_solid,110,1,171,43
gesh_452548_308110_20.jpg,256,256,square_solid,151,1,215,37
gesh_452548_308110_20.jpg,256,256,square_solid,106,156,163,210
gesh_452548_308113_20.jpg,256,256,square_solid,5,27,67,85
gesh_452548_308113_20.jpg,256,256,square_solid,1,49,35,108
gesh_452548_308113_20.jpg,256,256,square_solid,36,213,101,256
gesh_452548_308113_20.jpg,256,256,square_solid,1,231,62,256
gesh_452548_308114_20.jpg,256,256,square_solid,1,1,24,28
gesh_452548_308114_20.jpg,256,256,square_solid,2,125,59,177
gesh_452548_308117_20.jpg,256,256,square_solid,99,51,172,112
gesh_452548_308117_20.jpg,256,256,square_solid,139,68,211,132
gesh_452548_308117_20.jpg,256,256,square_solid,146,217,217,256
gesh_452548_308117_20.jpg,256,256,square_solid,196,236,252,256
gesh_452548_308118_20.jpg,256,256,square_solid,29,1,96,32
gesh_452548_308118_20.jpg,256,256,square_solid,71,1,138,48
gesh_452548_308118_20.jpg,256,256,square_solid,61,139,135,204
gesh_452548_308118_20.jpg,256,256,square_solid,100,163,170,223
gesh_452548_308119_20.jpg,256,256,square_solid,1,67,47,129
gesh_452548_308119_20.jpg,256,256,square_solid,25,85,92,148
gesh_452549_308107_20.jpg,256,256,square_solid,170,77,229,128
gesh_452549_308107_20.jpg,256,256,square_solid,192,48,250,101
gesh_452549_308107_20.jpg,256,256,square_solid,223,67,256,115
gesh_452549_308107_20.jpg,256,256,square_solid,184,1,244,56
gesh_452549_308107_20.jpg,256,256,square_solid,217,22,256,70
gesh_452549_308107_20.jpg,256,256,square_solid,211,1,256,14
gesh_452549_308107_20.jpg,256,256,square_solid,238,2,256,29
gesh_452549_308110_20.jpg,256,256,square_solid,233,24,256,68
gesh_452549_308110_20.jpg,256,256,square_solid,224,55,256,108
gesh_452549_308111_20.jpg,256,256,square_solid,162,1,217,42
gesh_452549_308111_20.jpg,256,256,square_solid,204,110,256,163
gesh_452549_308111_20.jpg,256,256,square_solid,187,140,244,196
gesh_452549_308112_20.jpg,256,256,square_solid,163,77,222,133
gesh_452549_308112_20.jpg,256,256,square_solid,204,64,256,117
gesh_452549_308112_20.jpg,256,256,square_solid,168,211,221,256
gesh_452549_308113_20.jpg,256,256,square_solid,39,1,99,33
gesh_452549_308113_20.jpg,256,256,square_solid,140,126,204,187
gesh_452549_308113_20.jpg,256,256,square_solid,115,156,177,213
gesh_452549_308114_20.jpg,256,256,square_solid,15,132,78,180
gesh_452549_308114_20.jpg,256,256,square_solid,24,170,85,217
gesh_452549_308114_20.jpg,256,256,square_solid,27,207,85,252
gesh_452549_308117_20.jpg,256,256,square_solid,158,4,222,58
gesh_452549_308117_20.jpg,256,256,square_solid,188,29,245,82
gesh_452549_308117_20.jpg,256,256,square_solid,214,151,256,205
gesh_452549_308118_20.jpg,256,256,square_solid,140,80,201,137
gesh_452549_308118_20.jpg,256,256,square_solid,169,108,232,166
gesh_452549_308119_20.jpg,256,256,square_solid,87,162,138,206
gesh_452549_308119_20.jpg,256,256,square_solid,122,172,179,222
gesh_452550_308107_20.jpg,256,256,square_solid,1,1,53,46
gesh_452550_308107_20.jpg,256,256,square_solid,43,1,104,32
gesh_452550_308107_20.jpg,256,256,square_solid,19,10,83,64
gesh_452550_308107_20.jpg,256,256,square_solid,1,41,52,93
gesh_452550_308107_20.jpg,256,256,square_solid,1,69,28,120
gesh_452550_308107_20.jpg,256,256,square_solid,1,22,19,72
gesh_452550_308110_20.jpg,256,256,square_solid,1,24,33,74
gesh_452550_308110_20.jpg,256,256,square_solid,1,61,22,110
gesh_452550_308112_20.jpg,256,256,square_solid,162,165,211,210
gesh_452550_308112_20.jpg,256,256,square_solid,201,168,247,212
gesh_452550_308113_20.jpg,256,256,square_solid,195,46,256,104
gesh_452550_308113_20.jpg,256,256,square_solid,164,175,220,225
gesh_452550_308113_20.jpg,256,256,square_solid,168,211,225,256
gesh_452550_308114_20.jpg,256,256,square_solid,147,169,205,218
gesh_452550_308114_20.jpg,256,256,square_solid,196,165,250,213
gesh_452550_308115_20.jpg,256,256,square_solid,11,1,81,39
gesh_452550_308115_20.jpg,256,256,square_solid,44,8,109,61
gesh_452550_308116_20.jpg,256,256,square_solid,9,55,70,106
gesh_452550_308116_20.jpg,256,256,square_solid,57,64,115,118
gesh_452550_308117_20.jpg,256,256,square_solid,1,167,54,220
gesh_452551_308108_20.jpg,256,256,square_solid,204,194,256,252
gesh_452551_308108_20.jpg,256,256,square_solid,167,216,234,256
gesh_452551_308109_20.jpg,256,256,square_solid,132,1,186,18
gesh_452551_308109_20.jpg,256,256,square_solid,137,8,199,56
gesh_452551_308110_20.jpg,256,256,square_solid,130,227,185,256
gesh_452551_308111_20.jpg,256,256,square_solid,3,151,69,213
gesh_452551_308111_20.jpg,256,256,square_solid,36,177,107,241
gesh_452551_308113_20.jpg,256,256,square_solid,1,22,46,80
gesh_452551_308116_20.jpg,256,256,square_solid,195,158,250,211
gesh_452551_308116_20.jpg,256,256,square_solid,156,169,212,222
gesh_452551_308117_20.jpg,256,256,square_solid,214,35,256,95
gesh_452551_308118_20.jpg,256,256,square_solid,47,12,116,70
gesh_452551_308118_20.jpg,256,256,square_solid,188,146,241,195
gesh_452551_308118_20.jpg,256,256,square_solid,230,141,256,185
gesh_452551_308119_20.jpg,256,256,square_solid,109,84,168,140
gesh_452551_308119_20.jpg,256,256,square_solid,155,92,211,148
gesh_452551_308120_20.jpg,256,256,square_solid,1,1,50,46
gesh_452551_308120_20.jpg,256,256,square_solid,29,162,86,216
gesh_452551_308120_20.jpg,256,256,square_solid,76,167,129,222
gesh_452552_307585_20.jpg,256,256,square_cover,202,77,249,119
gesh_452552_307585_20.jpg,256,256,square_solid,187,226,233,256
gesh_452553_307585_20.jpg,256,256,square_cover,117,97,166,141
gesh_452553_307585_20.jpg,256,256,square_cover,196,97,246,145
gesh_452553_307590_20.jpg,256,256,square_cover,182,31,236,77
gesh_452553_307590_20.jpg,256,256,square_cover,172,171,220,217
gesh_452553_307590_20.jpg,256,256,square_cover,2,156,54,202
gesh_452553_307594_20.jpg,256,256,square_cover,192,119,239,166
gesh_452554_307584_20.jpg,256,256,square_cover,17,2,69,44
gesh_452554_307584_20.jpg,256,256,square_cover,188,20,236,63
gesh_452554_307585_20.jpg,256,256,square_cover,206,128,254,172
gesh_452554_307585_20.jpg,256,256,square_cover,35,110,82,153
gesh_452554_307590_20.jpg,256,256,square_cover,96,48,150,95
gesh_452554_307590_20.jpg,256,256,square_cover,84,188,132,236
gesh_452554_307594_20.jpg,256,256,square_cover,130,1,177,38
gesh_452554_307594_20.jpg,256,256,square_cover,215,1,256,34
gesh_452554_307594_20.jpg,256,256,square_cover,114,130,163,176
gesh_452554_307594_20.jpg,256,256,square_cover,25,124,73,167
gesh_452555_307584_20.jpg,256,256,square_cover,99,38,150,82
gesh_452555_307585_20.jpg,256,256,square_cover,120,148,170,193
gesh_452555_307590_20.jpg,256,256,square_cover,179,85,226,127
gesh_452555_307590_20.jpg,256,256,square_cover,1,210,44,256
gesh_452555_307594_20.jpg,256,256,square_cover,51,2,99,42
gesh_452555_307594_20.jpg,256,256,square_cover,223,10,256,52
gesh_452555_307594_20.jpg,256,256,square_cover,207,158,248,204
gesh_452555_307594_20.jpg,256,256,square_cover,111,146,162,193
gesh_452555_307594_20.jpg,256,256,square_cover,29,143,78,186
gesh_452555_307599_20.jpg,256,256,square_cover,190,111,241,157
gesh_452556_307584_20.jpg,256,256,square_cover,19,61,68,101
gesh_452556_307584_20.jpg,256,256,square_cover,97,63,146,106
gesh_452556_307584_20.jpg,256,256,square_cover,195,78,241,121
gesh_452556_307585_20.jpg,256,256,square_cover,29,170,80,215
gesh_452556_307585_20.jpg,256,256,square_cover,205,185,253,229
gesh_452556_307594_20.jpg,256,256,square_cover,50,17,101,61
gesh_452556_307594_20.jpg,256,256,square_cover,138,24,188,70
gesh_452556_307594_20.jpg,256,256,square_cover,123,172,169,215
gesh_452556_307594_20.jpg,256,256,square_cover,212,183,255,225
gesh_452556_307602_20.jpg,256,256,square_solid,196,61,242,104
gesh_452556_307602_20.jpg,256,256,square_solid,29,180,78,227
gesh_452556_307602_20.jpg,256,256,square_cover,36,48,84,93
gesh_452556_307602_20.jpg,256,256,square_cover,186,191,235,234
gesh_452556_307605_20.jpg,256,256,square_cover,122,81,171,124
gesh_452556_307605_20.jpg,256,256,square_cover,201,88,250,131
gesh_452556_307606_20.jpg,256,256,square_solid,123,203,177,248
gesh_452556_307606_20.jpg,256,256,square_solid,204,209,256,254
gesh_452557_307584_20.jpg,256,256,square_cover,16,70,68,118
gesh_452557_307584_20.jpg,256,256,square_cover,107,91,158,139
gesh_452557_307585_20.jpg,256,256,square_cover,125,200,172,243
gesh_452557_307589_20.jpg,256,256,square_cover,63,7,114,47
gesh_452557_307589_20.jpg,256,256,square_cover,145,9,196,50
gesh_452557_307590_20.jpg,256,256,square_cover,6,113,52,157
gesh_452557_307590_20.jpg,256,256,square_cover,170,118,218,163
gesh_452557_307594_20.jpg,256,256,square_cover,61,42,105,84
gesh_452557_307594_20.jpg,256,256,square_cover,145,49,192,90
gesh_452557_307594_20.jpg,256,256,square_cover,39,191,84,234
gesh_452557_307594_20.jpg,256,256,square_cover,211,198,254,241
gesh_452557_307598_20.jpg,256,256,square_cover,1,23,47,65
gesh_452557_307598_20.jpg,256,256,square_cover,165,35,211,76
gesh_452557_307599_20.jpg,256,256,square_solid,175,156,223,201
gesh_452557_307602_20.jpg,256,256,square_cover,105,75,151,116
gesh_452557_307602_20.jpg,256,256,square_cover,95,206,143,251
gesh_452557_307602_20.jpg,256,256,square_cover,15,206,64,248
gesh_452557_307605_20.jpg,256,256,square_cover,30,93,81,139
gesh_452557_307605_20.jpg,256,256,square_cover,199,1,248,25
gesh_452557_307605_20.jpg,256,256,square_cover,121,1,166,13
gesh_452557_307606_20.jpg,256,256,square_cover,38,218,83,256
gesh_452557_307606_20.jpg,256,256,square_cover,201,236,247,256
gesh_452557_307606_20.jpg,256,256,square_cover,119,228,168,256
gesh_452558_307584_20.jpg,256,256,square_cover,202,127,249,167
gesh_452558_307584_20.jpg,256,256,square_cover,21,105,74,150
gesh_452558_307584_20.jpg,256,256,square_cover,205,1,252,25
gesh_452558_307589_20.jpg,256,256,square_cover,60,20,109,61
gesh_452558_307589_20.jpg,256,256,square_cover,146,33,196,75
gesh_452558_307589_20.jpg,256,256,square_cover,229,45,256,85
gesh_452558_307590_20.jpg,256,256,square_cover,4,131,52,175
gesh_452558_307594_20.jpg,256,256,square_cover,152,68,199,110
gesh_452558_307594_20.jpg,256,256,square_cover,1,53,31,99
gesh_452558_307594_20.jpg,256,256,square_cover,126,209,176,252
gesh_452558_307594_20.jpg,256,256,square_cover,212,216,256,256
gesh_452558_307598_20.jpg,256,256,square_cover,71,48,119,90
gesh_452558_307598_20.jpg,256,256,square_cover,239,62,256,103
gesh_452558_307599_20.jpg,256,256,square_cover,91,168,139,210
gesh_452558_307599_20.jpg,256,256,square_cover,5,166,52,208
gesh_452558_307602_20.jpg,256,256,square_cover,6,85,55,127
gesh_452558_307602_20.jpg,256,256,square_cover,174,100,224,144
gesh_452558_307602_20.jpg,256,256,square_cover,166,229,215,256
gesh_452558_307602_20.jpg,256,256,square_cover,1,219,50,256
gesh_452558_307605_20.jpg,256,256,square_cover,177,135,226,178
gesh_452558_307605_20.jpg,256,256,square_cover,100,128,145,169
gesh_452558_307605_20.jpg,256,256,square_cover,115,1,159,34
gesh_452559_307584_20.jpg,256,256,square_cover,123,143,171,187
gesh_452559_307584_20.jpg,256,256,square_cover,125,2,175,37
gesh_452559_307584_20.jpg,256,256,square_cover,35,1,85,17
gesh_452559_307589_20.jpg,256,256,square_cover,145,63,192,107
gesh_452559_307589_20.jpg,256,256,square_cover,1,48,24,89
gesh_452559_307590_20.jpg,256,256,square_cover,10,164,58,206
gesh_452559_307590_20.jpg,256,256,square_cover,91,167,147,213
gesh_452559_307590_20.jpg,256,256,square_cover,176,173,229,219
gesh_452559_307594_20.jpg,256,256,square_cover,67,75,115,118
gesh_452559_307594_20.jpg,256,256,square_cover,44,214,95,256
gesh_452559_307594_20.jpg,256,256,square_cover,222,234,256,256
gesh_452559_307598_20.jpg,256,256,square_cover,142,74,191,121
gesh_452559_307598_20.jpg,256,256,square_cover,1,65,33,103
gesh_452559_307601_20.jpg,256,256,square_cover,67,1,120,36
gesh_452559_307601_20.jpg,256,256,square_cover,227,2,256,42
gesh_452559_307602_20.jpg,256,256,square_cover,83,114,131,152
gesh_452559_307602_20.jpg,256,256,square_cover,166,121,210,164
gesh_452559_307605_20.jpg,256,256,square_solid,178,19,228,61
gesh_452559_307605_20.jpg,256,256,square_cover,13,9,60,52
gesh_452559_307605_20.jpg,256,256,square_cover,3,141,50,185
gesh_452559_307605_20.jpg,256,256,square_cover,165,155,213,199
gesh_452560_307593_20.jpg,256,256,square_cover,56,1,96,25
gesh_452560_307594_20.jpg,256,256,square_cover,167,97,217,143
gesh_452560_307594_20.jpg,256,256,square_cover,83,95,131,136
gesh_452560_307594_20.jpg,256,256,square_cover,1,92,37,132
gesh_452560_307594_20.jpg,256,256,square_cover,50,239,100,256
gesh_452560_307598_20.jpg,256,256,square_solid,54,86,105,135
gesh_452560_307598_20.jpg,256,256,square_solid,207,97,256,145
gesh_452560_307599_20.jpg,256,256,square_cover,153,230,204,256
gesh_452560_307599_20.jpg,256,256,square_cover,64,222,111,256
gesh_452560_307601_20.jpg,256,256,square_cover,137,20,186,63
gesh_452560_307601_20.jpg,256,256,square_cover,55,13,104,55
gesh_452560_307602_20.jpg,256,256,square_cover,156,143,205,183
gesh_452560_307602_20.jpg,256,256,square_cover,239,148,256,196
gesh_452560_307602_20.jpg,256,256,square_cover,1,128,40,172
gesh_452560_307605_20.jpg,256,256,square_cover,81,36,131,84
gesh_452560_307605_20.jpg,256,256,square_cover,2,169,46,214
gesh_452560_307605_20.jpg,256,256,square_cover,74,172,122,219
gesh_452560_307605_20.jpg,256,256,square_cover,157,183,206,228
gesh_452561_307601_20.jpg,256,256,square_cover,48,33,94,72
gesh_452561_307602_20.jpg,256,256,square_cover,66,157,117,201
gesh_452561_307602_20.jpg,256,256,square_cover,1,149,30,193
gesh_452561_307605_20.jpg,256,256,square_cover,154,72,207,115
gesh_452561_307605_20.jpg,256,256,square_cover,1,55,41,101
gesh_452561_307605_20.jpg,256,256,square_cover,1,193,37,236
gesh_452561_307605_20.jpg,256,256,square_cover,62,202,112,248
gesh_452561_307605_20.jpg,256,256,square_cover,149,210,193,254
gesh_452561_307605_20.jpg,256,256,square_cover,227,222,255,256
gesh_452562_307605_20.jpg,256,256,square_cover,66,86,113,136
gesh_452562_307605_20.jpg,256,256,square_cover,229,106,256,145
gesh_452562_307605_20.jpg,256,256,square_cover,51,226,99,256
gesh_452562_307605_20.jpg,256,256,square_cover,1,217,22,256
gesh_452563_307604_20.jpg,256,256,square_cover,133,1,182,37
gesh_452563_307604_20.jpg,256,256,square_cover,1,1,20,30
gesh_452563_307605_20.jpg,256,256,square_cover,146,115,197,161
gesh_452563_307605_20.jpg,256,256,square_cover,66,110,114,154
gesh_452563_307605_20.jpg,256,256,square_cover,1,110,28,151
gesh_452564_307604_20.jpg,256,256,square_cover,38,13,90,59
gesh_452564_307605_20.jpg,256,256,square_solid,57,134,114,183
gesh_452570_307606_20.jpg,256,256,square_solid,82,3,139,53
gesh_452572_308121_20.jpg,256,256,square_solid,33,1,91,22
gesh_452572_308121_20.jpg,256,256,square_solid,94,143,156,202
gesh_452572_308122_20.jpg,256,256,square_solid,32,224,90,256
gesh_452572_308123_20.jpg,256,256,square_solid,71,58,136,116
gesh_452572_308123_20.jpg,256,256,square_solid,111,110,180,176
gesh_452573_308114_20.jpg,256,256,square_solid,128,97,193,155
gesh_452573_308114_20.jpg,256,256,square_solid,103,131,169,189
gesh_452573_308115_20.jpg,256,256,square_solid,1,75,31,130
gesh_452573_308115_20.jpg,256,256,square_solid,21,85,72,137
gesh_452573_308115_20.jpg,256,256,square_solid,41,144,105,203
gesh_452573_308115_20.jpg,256,256,square_solid,9,176,79,239
gesh_452573_308116_20.jpg,256,256,square_solid,201,75,256,135
gesh_452573_308117_20.jpg,256,256,square_solid,10,21,77,79
gesh_452573_308117_20.jpg,256,256,square_solid,107,195,171,252
gesh_452573_308119_20.jpg,256,256,square_solid,174,84,243,147
gesh_452573_308120_20.jpg,256,256,square_solid,51,203,124,256
gesh_452573_308122_20.jpg,256,256,square_solid,36,2,108,60
gesh_452573_308122_20.jpg,256,256,square_solid,69,162,140,227
gesh_452574_308115_20.jpg,256,256,square_solid,34,1,101,26
gesh_452574_308115_20.jpg,256,256,square_solid,107,103,173,165
gesh_452574_308116_20.jpg,256,256,square_solid,70,194,137,252
gesh_452574_308116_20.jpg,256,256,square_solid,35,219,101,256
gesh_452574_308118_20.jpg,256,256,square_solid,19,1,83,52
gesh_452574_308118_20.jpg,256,256,square_solid,124,123,195,189
gesh_452574_308120_20.jpg,256,256,square_solid,151,81,209,132
gesh_452575_308117_20.jpg,256,256,square_solid,82,137,154,198
gesh_452575_308119_20.jpg,256,256,square_solid,46,143,111,202
gesh_452575_308119_20.jpg,256,256,square_solid,13,1,80,30
gesh_452610_307704_20.jpg,256,256,square_cover,219,89,256,133
gesh_452610_307704_20.jpg,256,256,square_cover,66,89,114,132
gesh_452610_307704_20.jpg,256,256,square_cover,59,218,107,256
gesh_452610_307704_20.jpg,256,256,square_cover,145,220,198,256
gesh_452610_307704_20.jpg,256,256,square_cover,222,226,256,256
gesh_452610_307709_20.jpg,256,256,square_cover,172,88,219,135
gesh_452610_307709_20.jpg,256,256,square_cover,167,228,212,256
gesh_452611_307704_20.jpg,256,256,square_cover,49,88,98,132
gesh_452611_307704_20.jpg,256,256,square_cover,132,88,184,133
gesh_452611_307704_20.jpg,256,256,square_cover,213,92,256,137
gesh_452611_307704_20.jpg,256,256,square_cover,59,221,113,256
gesh_452611_307704_20.jpg,256,256,square_cover,144,220,196,256
gesh_452611_307704_20.jpg,256,256,square_cover,227,223,256,256
gesh_452611_307704_20.jpg,256,256,square_cover,1,92,11,132
gesh_452611_307704_20.jpg,256,256,square_cover,1,221,15,255
gesh_452611_307708_20.jpg,256,256,square_cover,163,1,209,33
gesh_452611_307708_20.jpg,256,256,square_cover,70,1,118,31
gesh_452611_307708_20.jpg,256,256,square_cover,1,1,31,28
gesh_452611_307708_20.jpg,256,256,square_cover,237,3,256,46
gesh_452611_307709_20.jpg,256,256,square_cover,169,107,216,150
gesh_452611_307709_20.jpg,256,256,square_cover,84,103,135,150
gesh_452611_307709_20.jpg,256,256,square_cover,8,97,52,138
gesh_452612_307704_20.jpg,256,256,square_cover,206,92,254,138
gesh_452612_307704_20.jpg,256,256,square_cover,125,94,174,137
gesh_452612_307704_20.jpg,256,256,square_cover,41,90,93,137
gesh_452612_307704_20.jpg,256,256,square_cover,218,224,256,255
gesh_452612_307704_20.jpg,256,256,square_cover,47,221,98,256
gesh_452612_307704_20.jpg,256,256,square_cover,1,223,24,256
gesh_452612_307708_20.jpg,256,256,square_cover,1,1,31,46
gesh_452612_307708_20.jpg,256,256,square_cover,63,5,116,49
gesh_452612_307708_20.jpg,256,256,square_cover,148,12,197,58
gesh_452612_307708_20.jpg,256,256,square_cover,231,17,256,60
gesh_452612_307709_20.jpg,256,256,square_cover,1,115,49,160
gesh_452612_307709_20.jpg,256,256,square_cover,74,116,128,165
gesh_452612_307709_20.jpg,256,256,square_cover,156,124,208,168
gesh_452613_307708_20.jpg,256,256,square_cover,1,16,24,60
gesh_452613_307708_20.jpg,256,256,square_cover,53,27,107,67
gesh_452613_307708_20.jpg,256,256,square_cover,136,28,187,71
gesh_452613_307708_20.jpg,256,256,square_cover,223,29,256,77
gesh_452613_307709_20.jpg,256,256,square_cover,1,129,31,177
gesh_452613_307709_20.jpg,256,256,square_cover,65,134,113,180
gesh_452613_307709_20.jpg,256,256,square_cover,153,141,200,187
gesh_452613_307709_20.jpg,256,256,square_cover,230,148,256,189
gesh_452646_308280_20.jpg,256,256,square_solid,195,227,252,255
gesh_452646_308281_20.jpg,256,256,square_solid,121,195,181,250
gesh_452646_308281_20.jpg,256,256,square_divide,144,153,193,201
gesh_452646_308282_20.jpg,256,256,square_solid,194,68,254,124
gesh_452646_308282_20.jpg,256,256,square_solid,1,203,33,256
gesh_452647_308278_20.jpg,256,256,square_solid,73,1,139,40
gesh_452647_308280_20.jpg,256,256,square_solid,171,126,230,180
gesh_452647_308281_20.jpg,256,256,square_solid,88,76,151,130
gesh_452647_308282_20.jpg,256,256,square_solid,147,1,207,43
gesh_452648_308280_20.jpg,256,256,square_solid,155,39,213,90
gesh_452648_308281_20.jpg,256,256,square_solid,76,7,134,60
gesh_452648_308283_20.jpg,256,256,square_solid,154,218,215,256
gesh_452649_308279_20.jpg,256,256,square_solid,10,61,79,123
gesh_452649_308280_20.jpg,256,256,square_solid,168,53,232,113
gesh_452649_308281_20.jpg,256,256,square_solid,90,1,152,51
gesh_452650_308279_20.jpg,256,256,square_solid,1,1,61,46
gesh_452650_308279_20.jpg,256,256,square_solid,19,48,85,104
gesh_452652_308269_20.jpg,256,256,square_solid,122,128,192,192
gesh_452652_308270_20.jpg,256,256,square_solid,65,133,136,198
gesh_452655_308269_20.jpg,256,256,square_solid,49,73,124,139
gesh_452655_308270_20.jpg,256,256,square_solid,24,83,82,135
gesh_452656_308269_20.jpg,256,256,square_solid,29,1,96,50
gesh_452656_308270_20.jpg,256,256,square_solid,1,34,55,90
gesh_453048_307703_20.jpg,256,256,square_solid,199,60,256,121
gesh_453048_307704_20.jpg,256,256,square_solid,215,119,256,177
gesh_453048_307704_20.jpg,256,256,square_solid,149,151,219,212
gesh_453048_307704_20.jpg,256,256,square_solid,87,188,150,245
gesh_453049_307703_20.jpg,256,256,square_solid,81,1,148,47
gesh_453049_307703_20.jpg,256,256,square_solid,1,1,51,47
gesh_453049_307703_20.jpg,256,256,square_solid,17,21,85,81
gesh_453049_307704_20.jpg,256,256,square_solid,182,12,251,73
gesh_453049_307704_20.jpg,256,256,square_solid,104,45,177,105
gesh_453049_307704_20.jpg,256,256,square_solid,35,75,108,142
gesh_453049_307704_20.jpg,256,256,square_solid,1,112,26,170
gesh_453049_307704_20.jpg,256,256,square_solid,199,186,256,248
gesh_453049_307704_20.jpg,256,256,square_solid,96,242,132,256
gesh_453051_307710_20.jpg,256,256,square_solid,102,15,168,71
gesh_453051_307711_20.jpg,256,256,square_cover,165,75,232,131
gesh_453051_307711_20.jpg,256,256,square_cover,93,111,161,169
gesh_453051_307711_20.jpg,256,256,square_cover,24,148,90,206
gesh_453051_307711_20.jpg,256,256,square_cover,237,45,256,87
gesh_453051_307711_20.jpg,256,256,square_cover,173,230,237,256
gesh_453051_307713_20.jpg,256,256,square_cover,95,23,166,82
gesh_453051_307713_20.jpg,256,256,square_cover,14,58,83,114
gesh_453051_307714_20.jpg,256,256,square_cover,159,94,224,151
gesh_453051_307714_20.jpg,256,256,square_cover,84,127,154,187
gesh_453051_307714_20.jpg,256,256,square_cover,14,158,85,217
gesh_453051_307714_20.jpg,256,256,square_cover,230,223,255,256
gesh_453052_307711_20.jpg,256,256,square_cover,50,1,115,56
gesh_453052_307711_20.jpg,256,256,square_cover,1,33,45,96
gesh_453052_307711_20.jpg,256,256,square_cover,130,1,187,25
gesh_453052_307711_20.jpg,256,256,square_cover,201,84,256,143
gesh_453052_307711_20.jpg,256,256,square_cover,129,121,197,183
gesh_453052_307711_20.jpg,256,256,square_cover,56,155,127,217
gesh_453052_307711_20.jpg,256,256,square_cover,1,188,56,250
gesh_453052_307712_20.jpg,256,256,square_cover,191,183,252,240
gesh_453052_307712_20.jpg,256,256,square_cover,115,218,189,256
gesh_453052_307714_20.jpg,256,256,square_cover,42,26,114,81
gesh_453052_307714_20.jpg,256,256,square_cover,1,215,44,255
gesh_453053_307706_20.jpg,256,256,square_solid,201,1,255,43
gesh_453053_307706_20.jpg,256,256,square_solid,98,41,155,91
gesh_453053_307706_20.jpg,256,256,square_solid,39,64,105,122
gesh_453053_307706_20.jpg,256,256,square_solid,1,92,39,158
gesh_453053_307706_20.jpg,256,256,square_solid,210,113,256,163
gesh_453053_307706_20.jpg,256,256,square_solid,148,128,211,186
gesh_453053_307706_20.jpg,256,256,square_solid,77,159,136,214
gesh_453053_307706_20.jpg,256,256,square_solid,17,188,76,239
gesh_453053_307708_20.jpg,256,256,square_cover,171,10,239,67
gesh_453053_307709_20.jpg,256,256,square_cover,230,85,256,138
gesh_453053_307709_20.jpg,256,256,square_cover,163,114,226,170
gesh_453053_307709_20.jpg,256,256,square_cover,94,147,159,208
gesh_453053_307709_20.jpg,256,256,square_cover,25,186,91,241
gesh_453053_307711_20.jpg,256,256,square_cover,156,1,217,35
gesh_453053_307711_20.jpg,256,256,square_cover,80,12,148,70
gesh_453053_307711_20.jpg,256,256,square_cover,10,47,73,110
gesh_453053_307712_20.jpg,256,256,square_cover,223,29,256,84
gesh_453053_307712_20.jpg,256,256,square_cover,144,68,211,126
gesh_453053_307712_20.jpg,256,256,square_cover,72,106,138,161
gesh_453053_307712_20.jpg,256,256,square_cover,5,145,68,203
gesh_453053_307712_20.jpg,256,256,square_cover,224,192,256,250
gesh_453053_307712_20.jpg,256,256,square_cover,144,234,213,256
gesh_453053_307715_20.jpg,256,256,square_cover,10,183,76,243
gesh_453054_307706_20.jpg,256,256,square_solid,5,1,70,22
gesh_453054_307706_20.jpg,256,256,square_solid,53,86,107,136
gesh_453054_307707_20.jpg,256,256,square_solid,78,194,141,251
gesh_453054_307707_20.jpg,256,256,square_solid,3,220,65,256
gesh_453054_307709_20.jpg,256,256,square_cover,195,1,253,31
gesh_453054_307709_20.jpg,256,256,square_cover,120,5,185,65
gesh_453054_307709_20.jpg,256,256,square_cover,46,41,112,100
gesh_453054_307709_20.jpg,256,256,square_cover,1,81,41,137
gesh_453054_307712_20.jpg,256,256,square_cover,41,1,103,49
gesh_453054_307712_20.jpg,256,256,square_cover,1,28,30,77
gesh_453054_307712_20.jpg,256,256,square_cover,196,74,255,138
gesh_453054_307712_20.jpg,256,256,square_cover,114,113,185,172
gesh_453054_307712_20.jpg,256,256,square_cover,42,148,106,216
gesh_453054_307712_20.jpg,256,256,square_cover,1,193,31,245
gesh_453054_307713_20.jpg,256,256,square_cover,190,167,253,222
gesh_453054_307713_20.jpg,256,256,square_cover,112,211,177,256
gesh_453055_307709_20.jpg,256,256,square_cover,223,2,256,42
gesh_453055_307709_20.jpg,256,256,square_cover,154,21,217,79
gesh_453055_307709_20.jpg,256,256,square_cover,81,57,145,115
gesh_453055_307709_20.jpg,256,256,square_cover,13,94,76,151
gesh_453055_307710_20.jpg,256,256,square_cover,219,83,256,138
gesh_453055_307710_20.jpg,256,256,square_cover,144,120,207,177
gesh_453055_307710_20.jpg,256,256,square_cover,71,157,136,215
gesh_453055_307710_20.jpg,256,256,square_cover,5,192,65,249
gesh_453055_307712_20.jpg,256,256,square_cover,83,2,145,54
gesh_453055_307712_20.jpg,256,256,square_cover,11,39,73,93
gesh_453055_307713_20.jpg,256,256,square_solid,5,130,70,185
gesh_453056_307707_20.jpg,256,256,square_solid,61,1,121,36
gesh_453056_307707_20.jpg,256,256,square_solid,151,39,223,101
gesh_453056_307707_20.jpg,256,256,square_solid,229,9,256,64
gesh_453056_307710_20.jpg,256,256,square_cover,27,48,91,101
gesh_453056_307710_20.jpg,256,256,square_cover,1,86,25,136
gesh_453056_307710_20.jpg,256,256,square_cover,104,171,170,228
gesh_453056_307710_20.jpg,256,256,square_cover,38,207,105,256
gesh_453057_307707_20.jpg,256,256,square_solid,1,4,39,60
gesh_453057_307707_20.jpg,256,256,square_solid,98,1,155,17
gesh_453057_307708_20.jpg,256,256,square_solid,221,32,256,86
gesh_453057_307708_20.jpg,256,256,square_solid,239,169,256,201
gesh_453057_307708_20.jpg,256,256,square_solid,162,181,233,243
gesh_453057_307708_20.jpg,256,256,square_solid,91,213,159,256
gesh_453230_307886_20.jpg,256,256,square_cover,169,110,234,166
gesh_453230_307886_20.jpg,256,256,square_cover,113,164,177,220
gesh_453230_307886_20.jpg,256,256,square_cover,55,216,119,256
gesh_453230_307887_20.jpg,256,256,square_cover,202,129,256,184
gesh_453231_307887_20.jpg,256,256,square_cover,116,163,181,221
gesh_453231_307891_20.jpg,256,256,square_solid,102,23,159,72
gesh_453231_307892_20.jpg,256,256,square_cover,136,34,193,86
gesh_453231_307892_20.jpg,256,256,square_cover,30,139,91,192
gesh_453231_307892_20.jpg,256,256,square_cover,203,175,256,229
gesh_453231_307920_20.jpg,256,256,square_solid,96,31,169,91
gesh_453231_307922_20.jpg,256,256,square_solid,37,136,113,197
gesh_453231_307923_20.jpg,256,256,square_solid,225,115,256,166
gesh_453232_307893_20.jpg,256,256,square_cover,97,78,153,128
gesh_453232_307893_20.jpg,256,256,square_cover,42,133,100,183
gesh_453232_307893_20.jpg,256,256,square_cover,167,221,220,256
gesh_453232_307921_20.jpg,256,256,square_solid,1,30,41,90
gesh_453232_307923_20.jpg,256,256,square_bigger,179,26,256,103
gesh_453233_307889_20.jpg,256,256,square_solid,175,79,231,126
gesh_453233_307890_20.jpg,256,256,square_cover,209,90,256,140
gesh_453233_307890_20.jpg,256,256,square_cover,156,143,211,192
gesh_453233_307890_20.jpg,256,256,square_cover,105,192,163,239
gesh_453233_307919_20.jpg,256,256,square_solid,58,22,110,70
gesh_453233_307919_20.jpg,256,256,square_solid,60,62,111,108
gesh_453233_307919_20.jpg,256,256,square_solid,1,64,47,112
gesh_453233_307919_20.jpg,256,256,square_solid,4,101,61,152
gesh_453233_307919_20.jpg,256,256,square_solid,185,167,254,228
gesh_453233_307920_20.jpg,256,256,square_solid,164,22,231,82
gesh_453233_307920_20.jpg,256,256,square_solid,211,42,256,98
gesh_453233_307922_20.jpg,256,256,square_cover,134,205,196,256
gesh_453233_307922_20.jpg,256,256,square_cover,181,222,242,256
gesh_453233_307923_20.jpg,256,256,square_solid,1,1,40,34
gesh_453233_307923_20.jpg,256,256,square_solid,34,1,87,37
gesh_453233_307923_20.jpg,256,256,square_solid,194,111,246,159
gesh_453233_307923_20.jpg,256,256,square_solid,243,113,256,161
gesh_453234_307890_20.jpg,256,256,square_cover,63,1,119,36
gesh_453234_307890_20.jpg,256,256,square_cover,14,39,68,86
gesh_453234_307890_20.jpg,256,256,square_cover,229,22,256,72
gesh_453234_307890_20.jpg,256,256,square_cover,176,74,230,125
gesh_453234_307890_20.jpg,256,256,square_cover,120,127,177,177
gesh_453234_307890_20.jpg,256,256,square_cover,74,180,125,226
gesh_453234_307890_20.jpg,256,256,square_cover,22,228,79,256
gesh_453234_307891_20.jpg,256,256,square_cover,213,90,256,141
gesh_453234_307891_20.jpg,256,256,square_cover,159,142,216,192
gesh_453234_307891_20.jpg,256,256,square_cover,110,190,162,239
gesh_453234_307921_20.jpg,256,256,square_solid,117,79,181,134
gesh_453234_307921_20.jpg,256,256,square_solid,165,90,225,146
gesh_453234_307923_20.jpg,256,256,square_solid,1,110,42,162
gesh_453234_307924_20.jpg,256,256,square_solid,175,173,244,230
gesh_453234_307924_20.jpg,256,256,square_solid,215,196,256,254
gesh_453235_307882_20.jpg,256,256,square_cover,174,93,236,149
gesh_453235_307891_20.jpg,256,256,square_cover,11,39,66,87
gesh_453235_307891_20.jpg,256,256,square_cover,132,128,184,177
gesh_453235_307891_20.jpg,256,256,square_cover,73,179,131,226
gesh_453235_307891_20.jpg,256,256,square_cover,21,228,76,256
gesh_453235_307895_20.jpg,256,256,square_cover,93,1,152,25
gesh_453235_307895_20.jpg,256,256,square_cover,42,32,100,79
gesh_453235_307895_20.jpg,256,256,square_cover,1,85,45,134
gesh_453235_307896_20.jpg,256,256,square_cover,137,1,190,38
gesh_453235_307896_20.jpg,256,256,square_cover,82,45,135,95
gesh_453235_307896_20.jpg,256,256,square_cover,34,96,84,145
gesh_453235_307896_20.jpg,256,256,square_cover,1,144,32,197
gesh_453235_307896_20.jpg,256,256,square_cover,203,132,254,176
gesh_453235_307896_20.jpg,256,256,square_cover,153,182,204,228
gesh_453235_307922_20.jpg,256,256,square_solid,116,158,182,218
gesh_453235_307922_20.jpg,256,256,square_solid,159,180,223,238
gesh_453235_307923_20.jpg,256,256,square_solid,111,11,172,62
gesh_453235_307923_20.jpg,256,256,square_solid,160,17,217,68
gesh_453235_307926_20.jpg,256,256,square_solid,75,78,132,130
gesh_453235_307926_20.jpg,256,256,square_solid,198,158,256,211
gesh_453235_307926_20.jpg,256,256,square_solid,175,1,231,23
gesh_453236_307882_20.jpg,256,256,square_cover,185,78,241,131
gesh_453236_307882_20.jpg,256,256,square_cover,105,140,171,195
gesh_453236_307896_20.jpg,256,256,square_cover,103,1,159,23
gesh_453236_307896_20.jpg,256,256,square_cover,55,30,106,75
gesh_453236_307896_20.jpg,256,256,square_cover,2,83,49,128
gesh_453236_307897_20.jpg,256,256,square_cover,92,38,149,84
gesh_453236_307897_20.jpg,256,256,square_cover,37,92,89,141
gesh_453236_307897_20.jpg,256,256,square_cover,1,146,35,196
gesh_453236_307897_20.jpg,256,256,square_cover,156,178,209,225
gesh_453236_307897_20.jpg,256,256,square_cover,103,230,159,256
gesh_453236_307920_20.jpg,256,256,square_solid,38,127,105,186
gesh_453236_307920_20.jpg,256,256,square_solid,82,146,148,205
gesh_453236_307921_20.jpg,256,256,square_solid,27,42,99,101
gesh_453236_307921_20.jpg,256,256,square_solid,68,66,139,125
gesh_453236_307926_20.jpg,256,256,square_solid,15,1,75,29
gesh_453236_307926_20.jpg,256,256,square_solid,115,1,177,25
gesh_453236_307926_20.jpg,256,256,square_solid,144,57,204,106
gesh_453236_307926_20.jpg,256,256,square_solid,49,171,110,220
gesh_453236_307927_20.jpg,256,256,square_solid,33,123,94,176
gesh_453236_307927_20.jpg,256,256,square_solid,130,220,191,256
gesh_453237_307921_20.jpg,256,256,square_solid,1,151,54,213
gesh_453237_307921_20.jpg,256,256,square_solid,27,174,94,234
gesh_453237_307922_20.jpg,256,256,square_solid,7,73,75,133
gesh_453237_307922_20.jpg,256,256,square_solid,47,93,114,157
gesh_453237_307922_20.jpg,256,256,square_solid,220,208,255,256
gesh_453237_307926_20.jpg,256,256,square_solid,1,55,53,107
gesh_453237_307926_20.jpg,256,256,square_solid,105,147,164,202
gesh_453238_307879_20.jpg,256,256,square_cover,55,1,125,50
gesh_453238_307879_20.jpg,256,256,square_cover,1,54,45,112
gesh_453238_307880_20.jpg,256,256,square_cover,127,186,192,242
gesh_453238_307917_20.jpg,256,256,square_solid,171,144,225,195
gesh_453238_307917_20.jpg,256,256,square_solid,148,168,204,218
gesh_453238_307925_20.jpg,256,256,square_solid,85,72,147,128
gesh_453238_307925_20.jpg,256,256,square_solid,1,1,23,39
gesh_453238_307927_20.jpg,256,256,square_solid,197,50,255,102
gesh_453239_307880_20.jpg,256,256,square_cover,64,17,133,71
gesh_453239_307880_20.jpg,256,256,square_cover,1,80,57,140
gesh_453239_307881_20.jpg,256,256,square_cover,200,146,256,206
gesh_453239_307881_20.jpg,256,256,square_cover,133,209,200,256
gesh_453239_307916_20.jpg,256,256,square_solid,38,1,109,30
gesh_453239_307916_20.jpg,256,256,square_solid,10,4,78,65
gesh_453239_307916_20.jpg,256,256,square_solid,1,33,46,93
gesh_453239_307918_20.jpg,256,256,square_solid,120,174,186,233
gesh_453239_307918_20.jpg,256,256,square_solid,144,138,217,199
gesh_453239_307918_20.jpg,256,256,square_solid,172,103,241,165
gesh_453239_307918_20.jpg,256,256,square_solid,197,68,256,129
gesh_453239_307918_20.jpg,256,256,square_solid,219,29,256,88
gesh_453239_307920_20.jpg,256,256,square_solid,25,27,81,77
gesh_453239_307920_20.jpg,256,256,square_solid,54,46,112,94
gesh_453239_307920_20.jpg,256,256,square_solid,155,90,211,140
gesh_453239_307920_20.jpg,256,256,square_solid,188,105,242,155
gesh_453239_307921_20.jpg,256,256,square_solid,100,161,159,216
gesh_453239_307921_20.jpg,256,256,square_solid,219,61,256,112
gesh_453240_307886_20.jpg,256,256,square_solid,119,147,184,208
gesh_453240_307886_20.jpg,256,256,square_solid,54,203,122,256
gesh_453240_307917_20.jpg,256,256,square_solid,136,25,203,82
gesh_453240_307917_20.jpg,256,256,square_solid,165,1,230,46
gesh_453240_307917_20.jpg,256,256,square_solid,1,1,53,33
gesh_453240_307921_20.jpg,256,256,square_solid,1,81,48,133
gesh_453240_307921_20.jpg,256,256,square_solid,92,137,144,187
gesh_453240_307921_20.jpg,256,256,square_solid,126,151,177,200
gesh_453240_307921_20.jpg,256,256,square_solid,229,201,256,248
gesh_453240_307922_20.jpg,256,256,square_solid,160,21,213,73
gesh_453240_307922_20.jpg,256,256,square_solid,190,40,245,89
gesh_453241_307893_20.jpg,256,256,square_cover,74,28,138,83
gesh_453241_307893_20.jpg,256,256,square_cover,152,1,196,20
gesh_453241_307893_20.jpg,256,256,square_cover,7,91,73,150
gesh_453241_307894_20.jpg,256,256,square_cover,206,155,256,216
gesh_453241_307894_20.jpg,256,256,square_cover,139,217,208,256
gesh_453242_307887_20.jpg,256,256,square_solid,5,50,72,109
gesh_453242_307887_20.jpg,256,256,square_solid,71,1,139,45
gesh_453242_307888_20.jpg,256,256,square_solid,136,180,205,243
gesh_453242_307890_20.jpg,256,256,square_cover,44,1,107,42
gesh_453242_307891_20.jpg,256,256,square_cover,194,73,256,134
gesh_453242_307925_20.jpg,256,256,square_solid,90,1,152,40
gesh_453242_307925_20.jpg,256,256,square_solid,133,7,195,61
gesh_453243_307884_20.jpg,256,256,square_solid,18,45,87,104
gesh_453243_307884_20.jpg,256,256,square_solid,200,91,256,152
gesh_453243_307884_20.jpg,256,256,square_solid,144,148,213,208
gesh_453243_307884_20.jpg,256,256,square_solid,1,109,25,156
gesh_453243_307921_20.jpg,256,256,square_solid,186,1,242,29
gesh_453243_307921_20.jpg,256,256,square_solid,164,6,220,56
gesh_453243_307921_20.jpg,256,256,square_solid,141,29,196,80
gesh_453243_307921_20.jpg,256,256,square_solid,117,53,173,105
gesh_453243_307921_20.jpg,256,256,square_solid,93,78,149,131
gesh_453243_307921_20.jpg,256,256,square_solid,67,101,124,155
gesh_453243_307922_20.jpg,256,256,square_solid,207,211,256,256
gesh_453243_307924_20.jpg,256,256,square_solid,54,56,106,103
gesh_453243_307924_20.jpg,256,256,square_solid,89,69,142,115
gesh_453244_307885_20.jpg,256,256,square_solid,51,37,119,97
gesh_453244_307885_20.jpg,256,256,square_solid,112,1,181,40
gesh_453244_307885_20.jpg,256,256,square_solid,167,135,238,196
gesh_453244_307885_20.jpg,256,256,square_solid,230,84,256,130
gesh_453244_307886_20.jpg,256,256,square_solid,225,131,256,186
gesh_453244_307886_20.jpg,256,256,square_solid,120,237,168,256
gesh_453244_307892_20.jpg,256,256,square_cover,13,1,84,55
gesh_453244_307892_20.jpg,256,256,square_cover,1,67,22,102
gesh_453245_307885_20.jpg,256,256,square_solid,36,29,101,86
gesh_453245_307885_20.jpg,256,256,square_solid,1,82,39,140
gesh_453245_307885_20.jpg,256,256,square_solid,93,1,160,25
gesh_453245_307921_20.jpg,256,256,square_solid,49,114,105,165
gesh_453245_307923_20.jpg,256,256,square_solid,77,83,125,128
gesh_453245_307923_20.jpg,256,256,square_solid,105,102,154,151
gesh_453245_307923_20.jpg,256,256,square_solid,1,93,40,142
gesh_453245_307923_20.jpg,256,256,square_solid,17,111,72,160
gesh_453245_307923_20.jpg,256,256,square_solid,45,128,101,176
gesh_453245_307924_20.jpg,256,256,square_solid,103,67,159,116
gesh_453245_307924_20.jpg,256,256,square_solid,125,95,179,141
gesh_453245_307924_20.jpg,256,256,square_solid,144,122,199,172
gesh_453245_307924_20.jpg,256,256,square_solid,174,205,226,252
gesh_456217_313896_20.jpg,256,256,circle,229,78,256,157
gesh_456217_313896_20.jpg,256,256,circle,203,157,256,256
gesh_456217_313896_20.jpg,256,256,circle,113,205,235,256
gesh_456218_313890_20.jpg,256,256,square_locked,215,29,256,73
gesh_456218_313890_20.jpg,256,256,square_locked,209,1,256,34
gesh_456218_313891_20.jpg,256,256,square_locked,197,201,253,246
gesh_456218_313891_20.jpg,256,256,square_locked,187,160,245,206
gesh_456218_313891_20.jpg,256,256,square_locked,180,121,235,166
gesh_456218_313891_20.jpg,256,256,square_locked,169,78,228,126
gesh_456218_313891_20.jpg,256,256,square_locked,159,38,217,86
gesh_456218_313891_20.jpg,256,256,square_locked,149,1,206,45
gesh_456218_313892_20.jpg,256,256,square_locked,135,29,192,74
gesh_456218_313892_20.jpg,256,256,square_locked,143,73,199,116
gesh_456218_313892_20.jpg,256,256,square_locked,150,116,206,158
gesh_456218_313892_20.jpg,256,256,square_locked,156,159,211,201
gesh_456218_313892_20.jpg,256,256,square_locked,162,202,215,239
gesh_456218_313894_20.jpg,256,256,square_bigger,141,69,244,152
gesh_456218_313894_20.jpg,256,256,square_bigger,54,84,154,168
gesh_456218_313894_20.jpg,256,256,square_bigger,39,10,139,92
gesh_456218_313894_20.jpg,256,256,square_bigger,128,1,228,78
gesh_456218_313894_20.jpg,256,256,square_bigger,25,1,118,21
gesh_456218_313894_20.jpg,256,256,square_locked,180,158,235,201
gesh_456218_313894_20.jpg,256,256,square_locked,187,201,242,245
gesh_456218_313895_20.jpg,256,256,square_bigger,17,191,122,256
gesh_456218_313895_20.jpg,256,256,circle,105,158,219,256
gesh_456218_313895_20.jpg,256,256,circle,97,66,211,162
gesh_456218_313895_20.jpg,256,256,circle,71,1,187,71
gesh_456218_313895_20.jpg,256,256,circle,1,1,77,85
gesh_456218_313895_20.jpg,256,256,circle,1,80,102,174
gesh_456218_313895_20.jpg,256,256,circle,1,158,9,212
gesh_456218_313896_20.jpg,256,256,square_bigger,31,45,135,130
gesh_456218_313896_20.jpg,256,256,circle,1,66,41,163
gesh_456218_313896_20.jpg,256,256,circle,1,201,76,256
gesh_456218_313896_20.jpg,256,256,circle,76,212,190,256
